{"featureCount": 70, "windowSize": 30, "featureMean": [0.0, 0.0, 0.0, 0.09510108083486557, -0.14391136169433594, -0.07283316552639008, 0.15998777747154236, -0.4821512699127197, -0.1068398728966713, 0.19098317623138428, -0.7817844152450562, -0.14595453441143036, 0.20814086496829987, -1.0134985446929932, -0.18137438595294952, 0.11159171164035797, -0.9149224758148193, -0.037749748677015305, 0.15214784443378448, -1.1805057525634766, -0.13893777132034302, 0.18797947466373444, -1.2521425485610962, -0.20178869366645813, 0.21155506372451782, -1.2951595783233643, -0.2352762371301651, 0.06186994910240173, -0.9444605112075806, -0.05363089218735695, 0.11033596098423004, -1.0484355688095093, -0.2002032846212387, 0.12480753660202026, -0.7071694731712341, -0.23910923302173615, 0.12058928608894348, -0.4658031463623047, -0.22656624019145966, 0.012710337527096272, -0.8912712335586548, -0.08422946184873581, 0.0644487738609314, -0.9191543459892273, -0.23481416702270508, 0.0784309059381485, -0.5750910639762878, -0.21526876091957092, 0.07144865393638611, -0.36551281809806824, -0.15787136554718018, -0.03783712536096573, -0.7870979905128479, -0.12079925835132599, 0.015252403914928436, -0.8200187683105469, -0.22285038232803345, 0.03636806085705757, -0.5796923041343689, -0.2001744657754898, 0.03243336081504822, -0.4241759479045868, -0.15357404947280884, 0.44671234488487244, 0.5159547328948975, -0.03794194757938385, -0.046462904661893845, -0.005197131074965, 0.0035013211891055107, 0.8582794070243835], "featureStd": [9.999999747378752e-06, 9.999999747378752e-06, 9.999999747378752e-06, 0.2076731026172638, 0.1384994089603424, 0.05100036785006523, 0.3843640685081482, 0.2380514144897461, 0.08564094454050064, 0.49191343784332275, 0.3247529864311218, 0.1118495762348175, 0.5775285959243774, 0.3949261009693146, 0.14105434715747833, 0.3503955006599426, 0.1812494397163391, 0.12797288596630096, 0.45616352558135986, 0.2990269958972931, 0.16057653725147247, 0.5128210186958313, 0.42145898938179016, 0.17894580960273743, 0.553049623966217, 0.558348536491394, 0.19148607552051544, 0.25759631395339966, 0.14249908924102783, 0.12103275209665298, 0.3581612706184387, 0.3564678132534027, 0.15012677013874054, 0.34111160039901733, 0.4068183898925781, 0.15163451433181763, 0.3215239346027374, 0.42729535698890686, 0.15701617300510406, 0.2081795036792755, 0.17177066206932068, 0.11427386850118637, 0.28529077768325806, 0.38885438442230225, 0.13285361230373383, 0.25478050112724304, 0.3927023112773895, 0.12619079649448395, 0.2304379940032959, 0.39327818155288696, 0.12662802636623383, 0.22894097864627838, 0.24637112021446228, 0.11379066109657288, 0.25932541489601135, 0.40594443678855896, 0.12658505141735077, 0.22673289477825165, 0.4083161950111389, 0.12415489554405212, 0.19966787099838257, 0.3946547210216522, 0.12425468116998672, 0.12810447812080383, 0.21781006455421448, 0.02575811557471752, 0.4090319275856018, 1.2712160348892212, 0.3386327028274536, 1.0786945819854736], "startThreshold": 0.7, "stopThreshold": 0.35, "startFrames": 3, "stopFrames": 4, "displayDelayMs": 250}